Year,Period,employment,unemployment,unemployment rate,single_home_avg_prices,is_covid,state
2010,Jan,15997913,2216607,12.2,291655.4313,0,California
2010,Feb,16028580,2233503,12.2,291055.666,0,California
2010,Mar,16061366,2242732,12.3,291133.4774,0,California
2010,Apr,16090440,2245213,12.2,291726.8098,0,California
2010,May,16112833,2240855,12.2,292800.8509,0,California
2010,Jun,16124135,2234390,12.2,291719.3378,0,California
2010,Jul,16123990,2233003,12.2,289760.8045,0,California
2010,Aug,16117692,2238793,12.2,288194.8812,0,California
2010,Sep,16110216,2247908,12.2,286661.561,0,California
2010,Oct,16108305,2253816,12.3,285206.4497,0,California
2010,Nov,16114079,2251133,12.3,283035.3087,0,California
2010,Dec,16125892,2238601,12.2,281011.301,0,California
2011,Jan,16142515,2220499,12.1,278712.675,0,California
2011,Feb,16160153,2201859,12,276927.3535,0,California
2011,Mar,16174823,2185569,11.9,274985.7951,0,California
2011,Apr,16185015,2175282,11.8,272836.5569,0,California
2011,May,16194332,2173110,11.8,270430.4207,0,California
2011,Jun,16209240,2174365,11.8,268743.9162,0,California
2011,Jul,16235500,2172386,11.8,267455.6925,0,California
2011,Aug,16272656,2163433,11.7,266316.462,0,California
2011,Sep,16316061,2145866,11.6,264874.2693,0,California
2011,Oct,16359672,2121437,11.5,263530.8247,0,California
2011,Nov,16396794,2092653,11.3,262913.3901,0,California
2011,Dec,16423914,2062739,11.2,262072.6506,0,California
2012,Jan,16442867,2035377,11,260914.8315,0,California
2012,Feb,16459497,2013197,10.9,260580.8969,0,California
2012,Mar,16476663,1997725,10.8,260849.0293,0,California
2012,Apr,16496074,1984744,10.7,261312.7075,0,California
2012,May,16522575,1969199,10.6,262378.5475,0,California
2012,Jun,16558495,1947811,10.5,264992.0935,0,California
2012,Jul,16602505,1919526,10.4,267191.7666,0,California
2012,Aug,16651465,1888631,10.2,269328.7932,0,California
2012,Sep,16702042,1861220,10,271887.5459,0,California
2012,Oct,16748317,1838081,9.9,275199.2117,0,California
2012,Nov,16786723,1818423,9.8,279006.688,0,California
2012,Dec,16817255,1799481,9.7,282975.734,0,California
2013,Jan,16835906,1779487,9.6,286600.5399,0,California
2013,Feb,16856557,1757899,9.4,290987.3349,0,California
2013,Mar,16880238,1734457,9.3,295862.6499,0,California
2013,Apr,16910983,1711258,9.2,301459.5882,0,California
2013,May,16942752,1691728,9.1,306630.8499,0,California
2013,Jun,16968882,1676994,9,311586.8758,0,California
2013,Jul,16987525,1664556,8.9,315988.2045,0,California
2013,Aug,17000090,1647141,8.8,321114.3984,0,California
2013,Sep,17010624,1621464,8.7,325717.6303,0,California
2013,Oct,17024977,1592999,8.6,329378.3127,0,California
2013,Nov,17048438,1566231,8.4,332648.4809,0,California
2013,Dec,17081350,1542603,8.3,335938.0448,0,California
2014,Jan,17086089,1517461,8.2,338605.5029,0,California
2014,Feb,17131337,1494184,8,341572.6315,0,California
2014,Mar,17175024,1471729,7.9,343455.606,0,California
2014,Apr,17212512,1450799,7.8,344722.2865,0,California
2014,May,17246970,1429548,7.7,345582.2673,0,California
2014,Jun,17284748,1408342,7.5,346688.5794,0,California
2014,Jul,17325669,1388924,7.4,348112.1147,0,California
2014,Aug,17369725,1372594,7.3,348942.359,0,California
2014,Sep,17415533,1357801,7.2,350392.7498,0,California
2014,Oct,17459211,1339919,7.1,351888.5974,0,California
2014,Nov,17496448,1317229,7,354687.856,0,California
2014,Dec,17527359,1293786,6.9,356961.4143,0,California
2015,Jan,17534265,1270825,6.8,358923.8012,0,California
2015,Feb,17557274,1253260,6.7,360975.3857,0,California
2015,Mar,17581698,1236869,6.6,364109.3001,0,California
2015,Apr,17608247,1218827,6.5,366759.4968,0,California
2015,May,17633523,1197823,6.4,369631.9081,0,California
2015,Jun,17653880,1173829,6.2,372192.3191,0,California
2015,Jul,17670644,1149463,6.1,374480.373,0,California
2015,Aug,17686845,1127776,6,377214.3965,0,California
2015,Sep,17706715,1109154,5.9,380139.8823,0,California
2015,Oct,17735420,1094676,5.8,382892.5548,0,California
2015,Nov,17773316,1085242,5.8,384794.9187,0,California
2015,Dec,17815446,1078039,5.7,387592.9789,0,California
2016,Jan,17855481,1070589,5.7,390434.8679,0,California
2016,Feb,17888925,1063220,5.6,392977.7773,0,California
2016,Mar,17914453,1055874,5.6,394478.8048,0,California
2016,Apr,17934428,1050059,5.5,396695.3552,0,California
2016,May,17953279,1047221,5.5,398459.7183,0,California
2016,Jun,17973079,1046153,5.5,400634.2414,0,California
2016,Jul,17994046,1044333,5.5,402171.563,0,California
2016,Aug,18014599,1041296,5.5,404859.3206,0,California
2016,Sep,18032659,1038054,5.4,406827.4226,0,California
2016,Oct,18047896,1032740,5.4,409834.1686,0,California
2016,Nov,18064320,1022889,5.4,412265.9341,0,California
2016,Dec,18085431,1009061,5.3,414588.7144,0,California
2017,Jan,18112068,993248,5.2,414917.372,0,California
2017,Feb,18143174,976241,5.1,417162.5529,0,California
2017,Mar,18173987,960452,5,419726.9656,0,California
2017,Apr,18203726,947255,4.9,422296.5435,0,California
2017,May,18232933,935487,4.9,425463.6076,0,California
2017,Jun,18260479,924762,4.8,428691.5172,0,California
2017,Jul,18285677,914904,4.8,431364.4503,0,California
2017,Aug,18306843,903543,4.7,434326.5603,0,California
2017,Sep,18323455,889624,4.6,437828.5184,0,California
2017,Oct,18336244,874276,4.6,441484.7066,0,California
2017,Nov,18344984,859943,4.5,445647.3818,0,California
2017,Dec,18353112,847549,4.4,449901.3731,0,California
2018,Jan,18364857,838791,4.4,452009.4734,0,California
2018,Feb,18383340,834115,4.3,455916.7181,0,California
2018,Mar,18407492,831159,4.3,459697.6334,0,California
2018,Apr,18430112,827244,4.3,462968.8502,0,California
2018,May,18446042,822199,4.3,466169.9876,0,California
2018,Jun,18457360,816037,4.2,469257.013,0,California
2018,Jul,18467125,809299,4.2,472516.8948,0,California
2018,Aug,18478793,805646,4.2,474614.1411,0,California
2018,Sep,18494446,806924,4.2,475739.8205,0,California
2018,Oct,18513320,812897,4.2,476171.8168,0,California
2018,Nov,18532420,821411,4.2,476183.526,0,California
2018,Dec,18546310,828966,4.3,475219.8911,0,California
2019,Jan,18550985,831874,4.3,473698.9171,0,California
2019,Feb,18546169,827978,4.3,471743.9561,0,California
2019,Mar,18537826,818949,4.2,470035.3156,0,California
2019,Apr,18535623,806461,4.2,469705.4171,0,California
2019,May,18545462,792799,4.1,470964.0285,0,California
2019,Jun,18568928,780966,4,472786.1838,0,California
2019,Jul,18609341,771612,4,474279.508,0,California
2019,Aug,18655883,763836,3.9,475146.1776,0,California
2019,Sep,18700422,757881,3.9,476397.4406,0,California
2019,Oct,18731357,753978,3.9,477697.0155,0,California
2019,Nov,18733893,753741,3.9,478858.3465,0,California
2019,Dec,18729074,754716,3.9,480522.8323,0,California
2020,Jan,18756375,753269,3.9,482434.8818,1,California
2020,Feb,18756714,759328,3.9,484625.0439,1,California
2020,Mar,18115804,1052163,5.5,486561.6881,1,California
2020,Apr,15539409,3043334,16.4,487494.2828,1,California
2020,May,15478744,3018224,16.3,486993.2636,1,California
2010,Jan,8063166,1024439,11.3,123681.09,0,Florida
2010,Feb,8097244,1024577,11.2,122934.1721,0,Florida
2010,Mar,8133092,1020729,11.2,122396.027,0,Florida
2010,Apr,8165997,1015291,11.1,121774.3708,0,Florida
2010,May,8193577,1009635,11,121170.3348,0,Florida
2010,Jun,8212566,1006716,10.9,120415.6364,0,Florida
2010,Jul,8223052,1009096,10.9,119487.9249,0,Florida
2010,Aug,8229564,1015351,11,118562.2253,0,Florida
2010,Sep,8235424,1021558,11,117480.7436,0,Florida
2010,Oct,8244529,1023538,11,116301.2302,0,Florida
2010,Nov,8257764,1018427,11,115018.5904,0,Florida
2010,Dec,8273961,1006567,10.8,113916.1306,0,Florida
2011,Jan,8292155,991371,10.7,112736.5072,0,Florida
2011,Feb,8308758,976498,10.5,111642.0267,0,Florida
2011,Mar,8320238,963872,10.4,110478.6811,0,Florida
2011,Apr,8325905,954702,10.3,109506.2622,0,Florida
2011,May,8329364,949228,10.2,108587.6559,0,Florida
2011,Jun,8336498,944197,10.2,107863.9945,0,Florida
2011,Jul,8352288,936182,10.1,107185.9256,0,Florida
2011,Aug,8376656,924150,9.9,106687.9933,0,Florida
2011,Sep,8406567,908049,9.7,106289.4573,0,Florida
2011,Oct,8437925,889054,9.5,106072.9334,0,Florida
2011,Nov,8465438,869070,9.3,106023.8437,0,Florida
2011,Dec,8486105,850284,9.1,105850.01,0,Florida
2012,Jan,8501196,834598,8.9,105838.4385,0,Florida
2012,Feb,8514717,823222,8.8,105886.3854,0,Florida
2012,Mar,8527026,816638,8.7,106021.6276,0,Florida
2012,Apr,8537711,813297,8.7,106350.874,0,Florida
2012,May,8550238,810561,8.7,106663.6611,0,Florida
2012,Jun,8567330,805984,8.6,107126.0066,0,Florida
2012,Jul,8589132,797871,8.5,107662.0386,0,Florida
2012,Aug,8614461,787434,8.4,108266.745,0,Florida
2012,Sep,8640972,777427,8.3,108948.9945,0,Florida
2012,Oct,8663920,768518,8.1,109617.3208,0,Florida
2012,Nov,8680395,760629,8.1,110408.4234,0,Florida
2012,Dec,8690289,752908,8,111245.7819,0,Florida
2013,Jan,8691192,741643,7.9,112323.6612,0,Florida
2013,Feb,8696035,732299,7.8,113377.0945,0,Florida
2013,Mar,8707601,721208,7.6,114416.0307,0,Florida
2013,Apr,8729119,709062,7.5,115611.5302,0,Florida
2013,May,8754618,697299,7.4,116887.6531,0,Florida
2013,Jun,8777249,687098,7.3,118153.9682,0,Florida
2013,Jul,8793877,678025,7.2,119512.562,0,Florida
2013,Aug,8804454,667631,7,120930.6905,0,Florida
2013,Sep,8812072,655427,6.9,122291.9583,0,Florida
2013,Oct,8821673,644584,6.8,123562.4123,0,Florida
2013,Nov,8837186,637289,6.7,124843.0592,0,Florida
2013,Dec,8858395,633738,6.7,126061.3991,0,Florida
2014,Jan,8876713,630582,6.6,127075.2697,0,Florida
2014,Feb,8901874,628713,6.6,128115.083,0,Florida
2014,Mar,8922770,625955,6.6,129087.4028,0,Florida
2014,Apr,8937039,621319,6.5,129832.7146,0,Florida
2014,May,8947972,614180,6.4,130563.9553,0,Florida
2014,Jun,8960512,605583,6.3,131221.5261,0,Florida
2014,Jul,8974837,597218,6.2,131906.7244,0,Florida
2014,Aug,8990701,590323,6.2,132460.5425,0,Florida
2014,Sep,9006338,584598,6.1,133071.6068,0,Florida
2014,Oct,9018580,578178,6,133847.1645,0,Florida
2014,Nov,9025213,570075,5.9,134581.3551,0,Florida
2014,Dec,9027644,561702,5.9,135316.1906,0,Florida
2015,Jan,9016407,553498,5.8,138344.3641,0,Florida
2015,Feb,9017363,547840,5.7,139116.3255,0,Florida
2015,Mar,9022257,543299,5.7,139934.4941,0,Florida
2015,Apr,9032096,538660,5.6,140808.2868,0,Florida
2015,May,9044418,533259,5.6,141749.4737,0,Florida
2015,Jun,9056301,526819,5.5,142688.3974,0,Florida
2015,Jul,9067857,520120,5.4,143546.5671,0,Florida
2015,Aug,9080367,513815,5.4,144472.2385,0,Florida
2015,Sep,9096410,507360,5.3,145476.5371,0,Florida
2015,Oct,9119357,500916,5.2,146483.47,0,Florida
2015,Nov,9148790,495113,5.1,147443.588,0,Florida
2015,Dec,9180636,489289,5.1,148443.117,0,Florida
2016,Jan,9210489,483147,5,149545.4968,0,Florida
2016,Feb,9235561,477335,4.9,150685.8004,0,Florida
2016,Mar,9255436,472157,4.9,151680.5944,0,Florida
2016,Apr,9272309,468642,4.8,152651.2554,0,Florida
2016,May,9290270,467561,4.8,153514.029,0,Florida
2016,Jun,9311839,468301,4.8,154523.0236,0,Florida
2016,Jul,9337571,469563,4.8,155597.0944,0,Florida
2016,Aug,9366121,470847,4.8,156624.0569,0,Florida
2016,Sep,9395114,472189,4.8,157505.4528,0,Florida
2016,Oct,9423034,472199,4.8,158288.1255,0,Florida
2016,Nov,9451798,469245,4.7,159218.0719,0,Florida
2016,Dec,9483247,463487,4.7,160152.1406,0,Florida
2017,Jan,9517115,456125,4.6,160946.0504,0,Florida
2017,Feb,9552058,447970,4.5,161705.9196,0,Florida
2017,Mar,9584532,440330,4.4,162482.1383,0,Florida
2017,Apr,9613039,433811,4.3,163283.9465,0,Florida
2017,May,9636809,428103,4.3,164237.2859,0,Florida
2017,Jun,9654802,423414,4.2,165216.6445,0,Florida
2017,Jul,9667659,419826,4.2,166200.1049,0,Florida
2017,Aug,9676162,416323,4.1,167344.3672,0,Florida
2017,Sep,9682213,412264,4.1,168428.1103,0,Florida
2017,Oct,9688120,407810,4,169551.9754,0,Florida
2017,Nov,9694399,403566,4,170421.6595,0,Florida
2017,Dec,9702948,399155,4,171305.9711,0,Florida
2018,Jan,9715663,394510,3.9,171767.1154,0,Florida
2018,Feb,9733243,389858,3.9,172596.9113,0,Florida
2018,Mar,9753654,384850,3.8,173558.3718,0,Florida
2018,Apr,9772198,378794,3.7,174654.8942,0,Florida
2018,May,9786582,371705,3.7,175765.2735,0,Florida
2018,Jun,9798986,363876,3.6,176668.328,0,Florida
2018,Jul,9811796,355997,3.5,177465.86,0,Florida
2018,Aug,9827109,350094,3.4,178208.0716,0,Florida
2018,Sep,9845567,347291,3.4,179064.8889,0,Florida
2018,Oct,9865690,347446,3.4,179880.0449,0,Florida
2018,Nov,9885052,349341,3.4,180722.3611,0,Florida
2018,Dec,9900101,351350,3.4,181594.3152,0,Florida
2019,Jan,9908830,351694,3.4,182434.6314,0,Florida
2019,Feb,9912103,349021,3.4,183033.6603,0,Florida
2019,Mar,9915067,343940,3.4,183409.4359,0,Florida
2019,Apr,9924507,337549,3.3,183768.5823,0,Florida
2019,May,9943938,330948,3.2,184148.2361,0,Florida
2019,Jun,9973583,324877,3.2,184633.0855,0,Florida
2019,Jul,10015016,318402,3.1,185194.0566,0,Florida
2019,Aug,10059338,311096,3,185681.5235,0,Florida
2019,Sep,10098918,303781,2.9,186143.1271,0,Florida
2019,Oct,10125431,297948,2.9,186648.2692,0,Florida
2019,Nov,10126546,296723,2.8,187221.2019,0,Florida
2019,Dec,10121594,297440,2.9,187758.0021,0,Florida
2020,Jan,10148929,291383,2.8,188434.4177,1,Florida
2020,Feb,10164675,290724,2.8,189249.703,1,Florida
2020,Mar,9873877,457308,4.4,190174.1795,1,Florida
2020,Apr,8166411,1305832,13.8,191029.6731,1,Florida
2020,May,8296757,1412370,14.5,191869.8088,1,Florida
2010,Jan,8737735,851309,8.9,213212.8604,0,New York
2010,Feb,8757142,848806,8.8,213200.9914,0,New York
2010,Mar,8776986,844241,8.8,213147.9563,0,New York
2010,Apr,8792421,838058,8.7,213323.9791,0,New York
2010,May,8801543,829986,8.6,213415.4114,0,New York
2010,Jun,8801658,821914,8.5,213849.7884,0,New York
2010,Jul,8792951,816403,8.5,214305.909,0,New York
2010,Aug,8779428,813904,8.5,214525.1678,0,New York
2010,Sep,8764345,813242,8.5,214495.9269,0,New York
2010,Oct,8752287,811604,8.5,214120.2969,0,New York
2010,Nov,8744834,806597,8.4,213593.842,0,New York
2010,Dec,8740995,798103,8.4,212958.2569,0,New York
2011,Jan,8739920,788394,8.3,212592.5323,0,New York
2011,Feb,8738380,779606,8.2,212424.4229,0,New York
2011,Mar,8733288,772943,8.1,212255.6014,0,New York
2011,Apr,8723458,770101,8.1,211843.0639,0,New York
2011,May,8711503,772132,8.1,211305.7587,0,New York
2011,Jun,8702587,777640,8.2,210731.647,0,New York
2011,Jul,8701473,784692,8.3,210259.0645,0,New York
2011,Aug,8708594,792351,8.3,209987.1025,0,New York
2011,Sep,8721554,799782,8.4,209865.3665,0,New York
2011,Oct,8736516,807195,8.5,209777.9804,0,New York
2011,Nov,8748504,814006,8.5,209591.7864,0,New York
2011,Dec,8754959,819485,8.6,209330.1799,0,New York
2012,Jan,8757122,823999,8.6,208718.758,0,New York
2012,Feb,8758084,828528,8.6,208221.2743,0,New York
2012,Mar,8757816,833841,8.7,207607.6118,0,New York
2012,Apr,8756373,838211,8.7,207265.1261,0,New York
2012,May,8757979,839604,8.7,207174.8157,0,New York
2012,Jun,8765976,836290,8.7,207251.1084,0,New York
2012,Jul,8780838,827617,8.6,207319.8451,0,New York
2012,Aug,8801370,816543,8.5,207461.85,0,New York
2012,Sep,8824815,806943,8.4,207638.6957,0,New York
2012,Oct,8845696,799859,8.3,207873.7173,0,New York
2012,Nov,8860603,794981,8.2,208276.2769,0,New York
2012,Dec,8868947,790824,8.2,208771.3307,0,New York
2013,Jan,8869350,785921,8.1,209300.0293,0,New York
2013,Feb,8872227,779278,8.1,209739.465,0,New York
2013,Mar,8880955,770803,8,210249.5984,0,New York
2013,Apr,8897969,762109,7.9,210865.9982,0,New York
2013,May,8917413,755572,7.8,211490.3717,0,New York
2013,Jun,8932756,752426,7.8,212059.3218,0,New York
2013,Jul,8941331,750819,7.7,212808.6167,0,New York
2013,Aug,8942726,745111,7.7,213577.1054,0,New York
2013,Sep,8938974,732471,7.6,214253.9086,0,New York
2013,Oct,8934550,715986,7.4,215142.3074,0,New York
2013,Nov,8933068,698787,7.3,215952.7553,0,New York
2013,Dec,8934768,682620,7.1,216735.8892,0,New York
2014,Jan,8891979,665465,7,217764.9318,0,New York
2014,Feb,8896686,651822,6.8,218707.5167,0,New York
2014,Mar,8900374,640064,6.7,219878.0889,0,New York
2014,Apr,8901572,629531,6.6,220901.8339,0,New York
2014,May,8903144,617980,6.5,221856.1204,0,New York
2014,Jun,8909035,605282,6.4,222887.4614,0,New York
2014,Jul,8918415,593066,6.2,223457.8371,0,New York
2014,Aug,8931022,583160,6.1,224050.4784,0,New York
2014,Sep,8946039,575621,6,224551.4766,0,New York
2014,Oct,8961204,568154,6,225297.2109,0,New York
2014,Nov,8974604,560008,5.9,225840.3246,0,New York
2014,Dec,8987189,552955,5.8,226619.9587,0,New York
2015,Jan,8997585,546994,5.7,227003.6467,0,New York
2015,Feb,9010168,542781,5.7,228063.3996,0,New York
2015,Mar,9023616,537881,5.6,228845.4873,0,New York
2015,Apr,9037463,530548,5.5,229526.8271,0,New York
2015,May,9049193,520209,5.4,230162.9287,0,New York
2015,Jun,9056618,507137,5.3,230933.6778,0,New York
2015,Jul,9061246,493476,5.2,231716.2437,0,New York
2015,Aug,9065479,481906,5,232464.9782,0,New York
2015,Sep,9072213,473103,5,233288.2219,0,New York
2015,Oct,9084409,467914,4.9,233992.8489,0,New York
2015,Nov,9100847,466517,4.9,234738.1439,0,New York
2015,Dec,9116556,466394,4.9,235095.4006,0,New York
2016,Jan,9126494,465249,4.9,235067.3527,0,New York
2016,Feb,9127609,462833,4.8,235174.9432,0,New York
2016,Mar,9119809,459698,4.8,235507.5857,0,New York
2016,Apr,9106300,457784,4.8,236120.9825,0,New York
2016,May,9091949,458986,4.8,237036.8769,0,New York
2016,Jun,9080187,462896,4.9,237447.9928,0,New York
2016,Jul,9072562,467434,4.9,237873.3941,0,New York
2016,Aug,9068476,470979,4.9,238370.9584,0,New York
2016,Sep,9066158,472947,5,238707.1375,0,New York
2016,Oct,9064636,471631,4.9,239050.0398,0,New York
2016,Nov,9065980,465795,4.9,239673.308,0,New York
2016,Dec,9071509,457654,4.8,240793.5211,0,New York
2017,Jan,9080374,450539,4.7,241856.7265,0,New York
2017,Feb,9091221,446003,4.7,242615.4331,0,New York
2017,Mar,9100810,445028,4.7,243544.855,0,New York
2017,Apr,9108274,447230,4.7,244087.8268,0,New York
2017,May,9113926,450545,4.7,247041.1863,0,New York
2017,Jun,9117029,453630,4.7,248158.2031,0,New York
2017,Jul,9117049,455610,4.8,249358.6232,0,New York
2017,Aug,9113232,455055,4.8,250377.1719,0,New York
2017,Sep,9105971,451672,4.7,251266.364,0,New York
2017,Oct,9096611,446594,4.7,252056.5399,0,New York
2017,Nov,9085925,441622,4.6,252966.5855,0,New York
2017,Dec,9077369,436420,4.6,253639.6263,0,New York
2018,Jan,9074847,430970,4.5,254160.5138,0,New York
2018,Feb,9080635,425453,4.5,254996.8147,0,New York
2018,Mar,9093681,418918,4.4,255715.9407,0,New York
2018,Apr,9108362,410440,4.3,256214.9001,0,New York
2018,May,9119951,400443,4.2,256900.3387,0,New York
2018,Jun,9128479,389742,4.1,257520.6679,0,New York
2018,Jul,9135281,379689,4,258281.766,0,New York
2018,Aug,9142250,373149,3.9,259039.9677,0,New York
2018,Sep,9150233,371249,3.9,259978.3106,0,New York
2018,Oct,9158403,373327,3.9,260807.863,0,New York
2018,Nov,9165087,377592,4,261516.6738,0,New York
2018,Dec,9167089,382340,4,261981.237,0,New York
2019,Jan,9161783,385679,4,262267.2873,0,New York
2019,Feb,9148538,385974,4,262383.8288,0,New York
2019,Mar,9130757,383989,4,262703.7145,0,New York
2019,Apr,9115005,380581,4,263094.7654,0,New York
2019,May,9106058,376947,4,263447.8683,0,New York
2019,Jun,9105741,374451,3.9,263689.3561,0,New York
2019,Jul,9115194,373266,3.9,263750.8995,0,New York
2019,Aug,9129585,372324,3.9,263816.5847,0,New York
2019,Sep,9145414,371583,3.9,263752.8588,0,New York
2019,Oct,9156652,371247,3.9,263747.8534,0,New York
2019,Nov,9157857,371213,3.9,263804.2633,0,New York
2019,Dec,9156258,371454,3.9,264055.3621,0,New York
2020,Jan,9178410,364511,3.8,264421.6032,1,New York
2020,Feb,9197589,354066,3.7,264810.5326,1,New York
2020,Mar,9022695,388738,4.1,265036.8737,1,New York
2020,Apr,7691738,1392274,15.3,265200.3956,1,New York
2020,May,7773672,1315995,14.5,265311.2801,1,New York
2010,Jan,11067039,1001712,8.3,98857.92902,0,Texas
2010,Feb,11112513,1003999,8.3,98739.01182,0,Texas
2010,Mar,11157088,1003504,8.3,98645.39086,0,Texas
2010,Apr,11196606,999827,8.2,98596.66614,0,Texas
2010,May,11230124,992634,8.1,98469.71563,0,Texas
2010,Jun,11256000,985226,8,98287.91073,0,Texas
2010,Jul,11274789,982058,8,98016.55364,0,Texas
2010,Aug,11290591,984441,8,97677.68442,0,Texas
2010,Sep,11306452,990760,8.1,97323.3,0,Texas
2010,Oct,11326471,997433,8.1,97037.14922,0,Texas
2010,Nov,11350972,1000662,8.1,96634.55738,0,Texas
2010,Dec,11377594,998593,8.1,96492.24337,0,Texas
2011,Jan,11405419,992942,8,96254.10117,0,Texas
2011,Feb,11431874,986316,7.9,95880.91135,0,Texas
2011,Mar,11453932,980468,7.9,95505.00389,0,Texas
2011,Apr,11470598,977838,7.9,95235.98213,0,Texas
2011,May,11484860,979886,7.9,94950.19705,0,Texas
2011,Jun,11501815,983679,7.9,94789.7,0,Texas
2011,Jul,11526050,984839,7.9,94618.24031,0,Texas
2011,Aug,11557468,980705,7.8,94608.55926,0,Texas
2011,Sep,11592874,969993,7.7,94630.39474,0,Texas
2011,Oct,11628674,953700,7.6,94596.0425,0,Texas
2011,Nov,11660707,933901,7.4,94535.7442,0,Texas
2011,Dec,11686379,913341,7.2,94471.13138,0,Texas
2012,Jan,11705732,895098,7.1,94423.5023,0,Texas
2012,Feb,11721887,881846,7,94427.57395,0,Texas
2012,Mar,11736127,875109,6.9,94555.329,0,Texas
2012,Apr,11749382,872009,6.9,94730.68783,0,Texas
2012,May,11766133,868452,6.9,94954.30352,0,Texas
2012,Jun,11789580,861501,6.8,95219.50459,0,Texas
2012,Jul,11820135,849914,6.7,95439.7378,0,Texas
2012,Aug,11854807,836862,6.6,95680.65118,0,Texas
2012,Sep,11888879,827066,6.5,95864.42161,0,Texas
2012,Oct,11915952,822403,6.5,95962.24316,0,Texas
2012,Nov,11932919,823045,6.5,96234.85562,0,Texas
2012,Dec,11941642,827320,6.5,96611.37082,0,Texas
2013,Jan,11950350,831745,6.5,97020.30904,0,Texas
2013,Feb,11955951,835466,6.5,97385.87026,0,Texas
2013,Mar,11969681,834595,6.5,97844.58485,0,Texas
2013,Apr,11994866,829047,6.5,98239.71429,0,Texas
2013,May,12024923,821339,6.4,98781.92139,0,Texas
2013,Jun,12052275,813908,6.3,99294.25397,0,Texas
2013,Jul,12073900,807406,6.3,99806.85952,0,Texas
2013,Aug,12090790,798589,6.2,100377.7093,0,Texas
2013,Sep,12106935,785863,6.1,101114.3604,0,Texas
2013,Oct,12126701,772349,6,101811.8135,0,Texas
2013,Nov,12153454,759345,5.9,102478.4267,0,Texas
2013,Dec,12186304,746479,5.8,103009.3128,0,Texas
2014,Jan,12232666,732761,5.7,103614.8471,0,Texas
2014,Feb,12268181,717294,5.5,104219.6919,0,Texas
2014,Mar,12299831,703284,5.4,104668.4503,0,Texas
2014,Apr,12324725,691905,5.3,105170.9193,0,Texas
2014,May,12345743,681602,5.2,105656.4556,0,Texas
2014,Jun,12367837,671645,5.2,106267.4362,0,Texas
2014,Jul,12391017,661789,5.1,106854.7017,0,Texas
2014,Aug,12414967,651952,5,107480.5041,0,Texas
2014,Sep,12438299,640991,4.9,108106.8779,0,Texas
2014,Oct,12457796,626780,4.8,108772.2357,0,Texas
2014,Nov,12470156,610207,4.7,109382.3831,0,Texas
2014,Dec,12475844,595297,4.6,109989.5742,0,Texas
2015,Jan,12469536,583989,4.5,110556.2389,0,Texas
2015,Feb,12469746,578684,4.4,111168.9284,0,Texas
2015,Mar,12472470,576612,4.4,111910.7969,0,Texas
2015,Apr,12479211,575535,4.4,112541.0352,0,Texas
2015,May,12487773,574834,4.4,113121.1526,0,Texas
2015,Jun,12495242,574694,4.4,113756.8327,0,Texas
2015,Jul,12501778,576222,4.4,114386.2098,0,Texas
2015,Aug,12508795,579550,4.4,114984.0792,0,Texas
2015,Sep,12519355,582626,4.4,115442.4448,0,Texas
2015,Oct,12537645,584551,4.5,115963.0737,0,Texas
2015,Nov,12564036,585603,4.5,116643.8922,0,Texas
2015,Dec,12594665,585311,4.4,117170.8544,0,Texas
2016,Jan,12624562,584266,4.4,117639.3433,0,Texas
2016,Feb,12649925,584839,4.4,118175.752,0,Texas
2016,Mar,12669432,588538,4.4,118718.3256,0,Texas
2016,Apr,12684335,596566,4.5,119252.8482,0,Texas
2016,May,12697623,608179,4.6,119873.1467,0,Texas
2016,Jun,12711478,620050,4.7,120503.9046,0,Texas
2016,Jul,12726964,629246,4.7,121071.7475,0,Texas
2016,Aug,12743432,635453,4.7,121557.4597,0,Texas
2016,Sep,12759137,640203,4.8,122142.4292,0,Texas
2016,Oct,12773301,643346,4.8,122710.3611,0,Texas
2016,Nov,12788698,643772,4.8,123452.2455,0,Texas
2016,Dec,12808057,641829,4.8,124248.5973,0,Texas
2017,Jan,12832003,637936,4.7,124805.6478,0,Texas
2017,Feb,12860135,630717,4.7,125400.681,0,Texas
2017,Mar,12889646,620352,4.6,125938.2464,0,Texas
2017,Apr,12919986,607924,4.5,126530.3019,0,Texas
2017,May,12951366,594038,4.4,127135.0906,0,Texas
2017,Jun,12982307,580909,4.3,127695.0114,0,Texas
2017,Jul,13011793,570557,4.2,128272.8638,0,Texas
2017,Aug,13038893,562821,4.1,128946.7737,0,Texas
2017,Sep,13063996,557168,4.1,129584.5306,0,Texas
2017,Oct,13087950,553339,4.1,130267.2869,0,Texas
2017,Nov,13110303,551663,4,130862.2125,0,Texas
2017,Dec,13132506,551149,4,131552.3683,0,Texas
2018,Jan,13156374,551518,4,131982.6803,0,Texas
2018,Feb,13182948,552438,4,132528.3744,0,Texas
2018,Mar,13211042,551955,4,133050.5367,0,Texas
2018,Apr,13236243,548251,4,133814.1978,0,Texas
2018,May,13256169,541980,3.9,134493.7002,0,Texas
2018,Jun,13273403,533922,3.9,135179.9706,0,Texas
2018,Jul,13290921,524913,3.8,135803.0398,0,Texas
2018,Aug,13311213,518131,3.7,136434.9071,0,Texas
2018,Sep,13334935,515287,3.7,136909.16,0,Texas
2018,Oct,13360885,515709,3.7,137492.5395,0,Texas
2018,Nov,13386988,516780,3.7,138068.566,0,Texas
2018,Dec,13409628,515569,3.7,138780.652,0,Texas
2019,Jan,13426550,510277,3.7,139453.9301,0,Texas
2019,Feb,13437974,501330,3.6,140125.2096,0,Texas
2019,Mar,13447760,491917,3.5,140661.8064,0,Texas
2019,Apr,13461899,484458,3.5,141160.0964,0,Texas
2019,May,13483946,480692,3.4,141643.3194,0,Texas
2019,Jun,13514401,481847,3.4,142158.3033,0,Texas
2019,Jul,13555554,487025,3.5,142696.3501,0,Texas
2019,Aug,13598543,492450,3.5,143245.6247,0,Texas
2019,Sep,13637428,495774,3.5,143880.4158,0,Texas
2019,Oct,13663754,497108,3.5,144375.202,0,Texas
2019,Nov,13664882,496337,3.5,144810.2872,0,Texas
2019,Dec,13660124,495792,3.5,145121.2089,0,Texas
2020,Jan,13686397,494392,3.5,145510.659,1,Texas
2020,Feb,13707110,492454,3.5,145872.1537,1,Texas
2020,Mar,13288652,715827,5.1,146311.7002,1,Texas
2020,Apr,11216661,1744022,13.5,146711.6702,1,Texas
2020,May,11744642,1753114,13,147137.9609,1,Texas
